user_id,total_revenue,total_orders,average_order_value,purchase_frequency,CLTV
USR_00001,448.38,1,448.38,1,448.38
USR_00002,2172.81,1,2172.81,1,2172.81
USR_00003,5510.05,1,5510.05,1,5510.05
USR_00004,669.36,1,669.36,1,669.36
USR_00005,4116.349999999999,2,2058.17,2,4116.34
USR_00006,4826.13,2,2413.06,2,4826.12
USR_00008,2000.38,1,2000.38,1,2000.38
USR_00010,5556.76,1,5556.76,1,5556.76
USR_00012,9392.61,1,9392.61,1,9392.61
USR_00013,1691.59,1,1691.59,1,1691.59
USR_00014,1919.38,2,959.69,2,1919.38
USR_00015,828.49,1,828.49,1,828.49
USR_00016,11133.779999999999,2,5566.89,2,11133.78
USR_00017,962.18,1,962.18,1,962.18
USR_00018,1607.87,2,803.94,2,1607.88
USR_00020,1645.3000000000002,2,822.65,2,1645.3
USR_00021,9788.71,2,4894.35,2,9788.7
USR_00022,15319.060000000001,2,7659.53,2,15319.06
USR_00023,12101.1,2,6050.55,2,12101.1
USR_00024,5806.91,1,5806.91,1,5806.91
USR_00025,7911.55,1,7911.55,1,7911.55
USR_00026,6049.38,1,6049.38,1,6049.38
USR_00027,2795.91,1,2795.91,1,2795.91
USR_00028,4622.45,2,2311.22,2,4622.44
USR_00030,553.2,1,553.2,1,553.2
USR_00032,3482.39,1,3482.39,1,3482.39
USR_00033,5465.94,1,5465.94,1,5465.94
USR_00034,3171.99,1,3171.99,1,3171.99
USR_00035,535.03,1,535.03,1,535.03
USR_00036,2614.48,1,2614.48,1,2614.48
USR_00037,568.19,1,568.19,1,568.19
USR_00038,2253.14,1,2253.14,1,2253.14
USR_00039,2558.05,2,1279.03,2,2558.06
USR_00041,9958.279999999999,2,4979.14,2,9958.28
USR_00042,6120.11,1,6120.11,1,6120.11
USR_00043,809.67,1,809.67,1,809.67
USR_00048,6610.52,1,6610.52,1,6610.52
USR_00049,5142.5,1,5142.5,1,5142.5
USR_00050,2117.84,2,1058.92,2,2117.84
USR_00051,2825.7799999999997,2,1412.89,2,2825.78
USR_00052,2548.96,1,2548.96,1,2548.96
USR_00053,5424.9,1,5424.9,1,5424.9
USR_00054,4568.97,1,4568.97,1,4568.97
USR_00055,1895.97,1,1895.97,1,1895.97
USR_00056,1667.92,1,1667.92,1,1667.92
USR_00058,8497.67,1,8497.67,1,8497.67
USR_00059,5128.32,1,5128.32,1,5128.32
USR_00061,734.01,1,734.01,1,734.01
USR_00062,5578.61,1,5578.61,1,5578.61
USR_00063,3238.42,1,3238.42,1,3238.42
USR_00064,775.13,1,775.13,1,775.13
USR_00065,7076.45,1,7076.45,1,7076.45
USR_00066,637.12,1,637.12,1,637.12
USR_00067,2168.82,1,2168.82,1,2168.82
USR_00068,5970.27,2,2985.14,2,5970.28
USR_00069,936.1,1,936.1,1,936.1
USR_00071,2445.74,1,2445.74,1,2445.74
USR_00072,8979.72,1,8979.72,1,8979.72
USR_00073,1753.98,1,1753.98,1,1753.98
USR_00074,3297.15,1,3297.15,1,3297.15
USR_00075,719.86,1,719.86,1,719.86
USR_00076,2998.06,1,2998.06,1,2998.06
USR_00078,2409.6,1,2409.6,1,2409.6
USR_00079,8942.05,1,8942.05,1,8942.05
USR_00080,10275.87,2,5137.94,2,10275.88
USR_00081,2630.23,1,2630.23,1,2630.23
USR_00082,631.23,1,631.23,1,631.23
USR_00084,2650.8599999999997,2,1325.43,2,2650.86
USR_00085,9479.16,2,4739.58,2,9479.16
USR_00086,5948.04,1,5948.04,1,5948.04
USR_00087,6216.84,1,6216.84,1,6216.84
USR_00088,2718.58,1,2718.58,1,2718.58
USR_00089,2382.28,1,2382.28,1,2382.28
USR_00090,3446.5299999999997,2,1723.26,2,3446.52
USR_00091,8040.49,1,8040.49,1,8040.49
USR_00092,2675.09,1,2675.09,1,2675.09
USR_00093,5128.299999999999,2,2564.15,2,5128.3
USR_00094,545.62,1,545.62,1,545.62
USR_00096,1731.1,1,1731.1,1,1731.1
USR_00097,5143.77,1,5143.77,1,5143.77
USR_00098,9138.8,2,4569.4,2,9138.8
USR_00099,9000.880000000001,3,3000.29,3,9000.87
USR_00100,4350.76,2,2175.38,2,4350.76
USR_00102,2158.64,1,2158.64,1,2158.64
USR_00103,7307.71,1,7307.71,1,7307.71
USR_00104,11892.220000000001,2,5946.11,2,11892.22
USR_00106,653.79,1,653.79,1,653.79
USR_00107,5090.15,1,5090.15,1,5090.15
USR_00108,1614.75,1,1614.75,1,1614.75
USR_00109,1963.2,1,1963.2,1,1963.2
USR_00110,7922.5599999999995,2,3961.28,2,7922.56
USR_00113,658.34,1,658.34,1,658.34
USR_00114,2637.26,1,2637.26,1,2637.26
USR_00115,821.58,1,821.58,1,821.58
USR_00116,2576.82,1,2576.82,1,2576.82
USR_00117,2495.56,1,2495.56,1,2495.56
USR_00118,4403.66,1,4403.66,1,4403.66
USR_00120,9066.54,1,9066.54,1,9066.54
USR_00121,472.82,1,472.82,1,472.82
USR_00122,4724.45,2,2362.22,2,4724.44
USR_00124,1951.27,1,1951.27,1,1951.27
USR_00125,462.56,1,462.56,1,462.56
USR_00126,1776.61,1,1776.61,1,1776.61
USR_00127,1239.84,1,1239.84,1,1239.84
USR_00129,991.57,1,991.57,1,991.57
USR_00131,2662.46,1,2662.46,1,2662.46
USR_00133,8208.54,1,8208.54,1,8208.54
USR_00134,8875.61,2,4437.8,2,8875.6
USR_00135,6851.799999999999,2,3425.9,2,6851.8
USR_00136,2643.68,1,2643.68,1,2643.68
USR_00137,4842.43,1,4842.43,1,4842.43
USR_00138,8818.28,1,8818.28,1,8818.28
USR_00139,692.17,1,692.17,1,692.17
USR_00140,3345.3199999999997,2,1672.66,2,3345.32
USR_00141,9655.84,1,9655.84,1,9655.84
USR_00142,7373.46,1,7373.46,1,7373.46
USR_00144,4504.84,2,2252.42,2,4504.84
USR_00146,2935.01,1,2935.01,1,2935.01
USR_00147,14284.64,2,7142.32,2,14284.64
USR_00148,2455.92,1,2455.92,1,2455.92
USR_00149,3367.6,1,3367.6,1,3367.6
USR_00150,825.15,1,825.15,1,825.15
USR_00151,997.59,1,997.59,1,997.59
USR_00152,3738.82,2,1869.41,2,3738.82
USR_00153,23168.010000000002,4,5792.0,4,23168.0
USR_00154,6836.72,1,6836.72,1,6836.72
USR_00155,5139.46,2,2569.73,2,5139.46
USR_00156,2445.95,1,2445.95,1,2445.95
USR_00157,521.64,1,521.64,1,521.64
USR_00158,3552.0299999999997,2,1776.02,2,3552.04
USR_00162,1400.39,1,1400.39,1,1400.39
USR_00163,2437.99,1,2437.99,1,2437.99
USR_00164,2217.82,1,2217.82,1,2217.82
USR_00165,1440.44,1,1440.44,1,1440.44
USR_00167,1280.78,1,1280.78,1,1280.78
USR_00168,10419.77,2,5209.88,2,10419.76
USR_00171,1600.95,1,1600.95,1,1600.95
USR_00172,7677.69,1,7677.69,1,7677.69
USR_00174,2984.35,1,2984.35,1,2984.35
USR_00175,2071.7,1,2071.7,1,2071.7
USR_00176,946.4,1,946.4,1,946.4
USR_00177,2349.04,1,2349.04,1,2349.04
USR_00178,547.84,1,547.84,1,547.84
USR_00179,816.06,1,816.06,1,816.06
USR_00180,2022.54,3,674.18,3,2022.54
USR_00181,9317.59,1,9317.59,1,9317.59
USR_00182,5827.02,3,1942.34,3,5827.02
USR_00183,5032.84,1,5032.84,1,5032.84
USR_00184,4852.01,1,4852.01,1,4852.01
USR_00185,9081.47,1,9081.47,1,9081.47
USR_00186,6033.84,2,3016.92,2,6033.84
USR_00187,2854.13,1,2854.13,1,2854.13
USR_00188,2469.5,1,2469.5,1,2469.5
USR_00190,2057.36,1,2057.36,1,2057.36
USR_00191,7922.38,2,3961.19,2,7922.38
USR_00193,1995.48,1,1995.48,1,1995.48
USR_00194,2173.36,1,2173.36,1,2173.36
USR_00195,630.18,1,630.18,1,630.18
USR_00196,6758.92,1,6758.92,1,6758.92
USR_00197,618.29,1,618.29,1,618.29
USR_00198,11414.73,2,5707.36,2,11414.72
USR_00199,3636.67,1,3636.67,1,3636.67
USR_00200,2305.41,1,2305.41,1,2305.41
USR_00203,718.53,1,718.53,1,718.53
USR_00204,2423.23,1,2423.23,1,2423.23
USR_00205,9894.0,1,9894.0,1,9894.0
USR_00207,815.81,1,815.81,1,815.81
USR_00209,2951.19,1,2951.19,1,2951.19
USR_00210,375.52,1,375.52,1,375.52
USR_00211,2810.64,1,2810.64,1,2810.64
USR_00212,499.54,1,499.54,1,499.54
USR_00213,5684.65,1,5684.65,1,5684.65
USR_00215,1629.03,1,1629.03,1,1629.03
USR_00216,1914.45,1,1914.45,1,1914.45
USR_00217,1654.04,2,827.02,2,1654.04
USR_00218,8633.470000000001,3,2877.82,3,8633.46
USR_00219,9146.79,2,4573.4,2,9146.8
USR_00220,2551.25,1,2551.25,1,2551.25
USR_00221,8663.68,1,8663.68,1,8663.68
USR_00224,734.88,1,734.88,1,734.88
USR_00226,2705.51,1,2705.51,1,2705.51
USR_00227,8640.91,2,4320.46,2,8640.92
USR_00228,615.5,1,615.5,1,615.5
USR_00229,2293.72,1,2293.72,1,2293.72
USR_00231,4308.9800000000005,2,2154.49,2,4308.98
USR_00232,10517.29,3,3505.76,3,10517.28
USR_00233,6980.22,1,6980.22,1,6980.22
USR_00234,3336.16,2,1668.08,2,3336.16
USR_00235,509.9,1,509.9,1,509.9
USR_00237,1111.19,1,1111.19,1,1111.19
USR_00238,6914.08,1,6914.08,1,6914.08
USR_00239,6862.01,2,3431.0,2,6862.0
USR_00242,477.43,1,477.43,1,477.43
USR_00244,6507.83,1,6507.83,1,6507.83
USR_00245,2497.3,1,2497.3,1,2497.3
USR_00246,1490.8200000000002,2,745.41,2,1490.82
USR_00247,2210.41,3,736.8,3,2210.4
USR_00248,664.55,1,664.55,1,664.55
USR_00249,6660.95,2,3330.48,2,6660.96
USR_00250,2456.29,1,2456.29,1,2456.29
USR_00251,3652.71,2,1826.36,2,3652.72
USR_00253,3892.81,2,1946.4,2,3892.8
USR_00256,10363.689999999999,2,5181.84,2,10363.68
USR_00257,3936.95,1,3936.95,1,3936.95
USR_00259,2754.47,1,2754.47,1,2754.47
USR_00260,5846.48,2,2923.24,2,5846.48
USR_00264,8421.07,1,8421.07,1,8421.07
USR_00265,2274.94,1,2274.94,1,2274.94
USR_00266,6296.13,1,6296.13,1,6296.13
USR_00269,13433.44,2,6716.72,2,13433.44
USR_00270,2637.8,2,1318.9,2,2637.8
USR_00271,1584.58,1,1584.58,1,1584.58
USR_00272,12756.630000000001,3,4252.21,3,12756.63
USR_00273,1596.93,1,1596.93,1,1596.93
USR_00274,2013.1,1,2013.1,1,2013.1
USR_00275,1815.79,1,1815.79,1,1815.79
USR_00276,7370.98,1,7370.98,1,7370.98
USR_00278,11653.14,4,2913.28,4,11653.12
USR_00279,6319.63,1,6319.63,1,6319.63
USR_00280,5712.54,2,2856.27,2,5712.54
USR_00281,2180.18,1,2180.18,1,2180.18
USR_00282,4364.32,3,1454.77,3,4364.31
USR_00284,3913.8700000000003,2,1956.94,2,3913.88
USR_00285,6203.46,1,6203.46,1,6203.46
USR_00288,4765.67,1,4765.67,1,4765.67
USR_00289,17726.989999999998,2,8863.49,2,17726.98
USR_00291,6313.44,2,3156.72,2,6313.44
USR_00293,4827.89,1,4827.89,1,4827.89
USR_00294,18155.72,2,9077.86,2,18155.72
USR_00295,1443.25,2,721.62,2,1443.24
USR_00297,870.83,1,870.83,1,870.83
USR_00298,1940.27,1,1940.27,1,1940.27
USR_00299,1610.83,1,1610.83,1,1610.83
USR_00300,3634.54,1,3634.54,1,3634.54
USR_00302,2851.48,1,2851.48,1,2851.48
USR_00306,2796.43,1,2796.43,1,2796.43
USR_00307,728.61,1,728.61,1,728.61
USR_00308,9575.02,3,3191.67,3,9575.01
USR_00309,1703.57,1,1703.57,1,1703.57
USR_00310,1683.85,1,1683.85,1,1683.85
USR_00311,1740.43,1,1740.43,1,1740.43
USR_00312,3328.97,1,3328.97,1,3328.97
USR_00313,5720.299999999999,2,2860.15,2,5720.3
USR_00314,9792.29,1,9792.29,1,9792.29
USR_00315,19244.8,3,6414.93,3,19244.79
USR_00317,3372.37,1,3372.37,1,3372.37
USR_00320,1388.22,1,1388.22,1,1388.22
USR_00321,4442.29,1,4442.29,1,4442.29
USR_00322,8241.84,2,4120.92,2,8241.84
USR_00323,2158.85,1,2158.85,1,2158.85
USR_00324,11070.17,2,5535.08,2,11070.16
USR_00325,14452.54,3,4817.51,3,14452.53
USR_00327,613.91,1,613.91,1,613.91
USR_00328,740.12,1,740.12,1,740.12
USR_00330,2438.9300000000003,2,1219.47,2,2438.94
USR_00331,686.51,1,686.51,1,686.51
USR_00332,9957.99,1,9957.99,1,9957.99
USR_00333,1491.75,1,1491.75,1,1491.75
USR_00335,7009.030000000001,2,3504.52,2,7009.04
USR_00336,971.86,1,971.86,1,971.86
USR_00337,986.82,1,986.82,1,986.82
USR_00339,9140.65,3,3046.88,3,9140.64
USR_00340,9805.19,1,9805.19,1,9805.19
USR_00341,3277.21,1,3277.21,1,3277.21
USR_00342,6240.29,1,6240.29,1,6240.29
USR_00343,1774.2,1,1774.2,1,1774.2
USR_00344,2602.14,1,2602.14,1,2602.14
USR_00345,923.01,1,923.01,1,923.01
USR_00347,4715.38,1,4715.38,1,4715.38
USR_00348,8445.05,1,8445.05,1,8445.05
USR_00349,6182.2699999999995,3,2060.76,3,6182.28
USR_00351,764.18,1,764.18,1,764.18
USR_00352,6297.85,1,6297.85,1,6297.85
USR_00355,2014.44,1,2014.44,1,2014.44
USR_00356,5859.42,4,1464.86,4,5859.44
USR_00357,830.77,1,830.77,1,830.77
USR_00359,8927.35,2,4463.68,2,8927.36
USR_00360,5288.04,2,2644.02,2,5288.04
USR_00362,5704.71,3,1901.57,3,5704.71
USR_00363,4909.08,4,1227.27,4,4909.08
USR_00364,7405.15,1,7405.15,1,7405.15
USR_00365,5074.34,1,5074.34,1,5074.34
USR_00366,2056.1,1,2056.1,1,2056.1
USR_00368,8621.0,1,8621.0,1,8621.0
USR_00369,12537.67,3,4179.22,3,12537.66
USR_00371,760.6,1,760.6,1,760.6
USR_00372,7727.05,2,3863.52,2,7727.04
USR_00373,3162.64,2,1581.32,2,3162.64
USR_00378,3488.92,2,1744.46,2,3488.92
USR_00380,889.06,1,889.06,1,889.06
USR_00383,2434.06,2,1217.03,2,2434.06
USR_00385,11172.5,2,5586.25,2,11172.5
USR_00386,1516.3000000000002,2,758.15,2,1516.3
USR_00387,7249.31,1,7249.31,1,7249.31
USR_00388,5850.6,1,5850.6,1,5850.6
USR_00393,3386.58,1,3386.58,1,3386.58
USR_00394,2138.7,1,2138.7,1,2138.7
USR_00396,881.72,1,881.72,1,881.72
USR_00397,5567.1,3,1855.7,3,5567.1
USR_00398,9749.99,1,9749.99,1,9749.99
USR_00399,4374.51,1,4374.51,1,4374.51
USR_00400,759.32,1,759.32,1,759.32
USR_00401,2276.7,2,1138.35,2,2276.7
USR_00402,416.09,1,416.09,1,416.09
USR_00403,3279.14,1,3279.14,1,3279.14
USR_00404,7221.67,3,2407.22,3,7221.66
USR_00405,3257.21,2,1628.6,2,3257.2
USR_00406,707.48,1,707.48,1,707.48
USR_00407,9657.14,3,3219.05,3,9657.15
USR_00408,7134.27,1,7134.27,1,7134.27
USR_00409,2613.77,1,2613.77,1,2613.77
USR_00410,7138.82,2,3569.41,2,7138.82
USR_00411,9610.4,1,9610.4,1,9610.4
USR_00412,11758.64,2,5879.32,2,11758.64
USR_00413,668.58,1,668.58,1,668.58
USR_00414,12946.46,2,6473.23,2,12946.46
USR_00415,686.11,1,686.11,1,686.11
USR_00417,654.49,1,654.49,1,654.49
USR_00418,6001.78,1,6001.78,1,6001.78
USR_00419,9655.29,2,4827.65,2,9655.3
USR_00420,1079.4699999999998,2,539.73,2,1079.46
USR_00421,19245.88,4,4811.47,4,19245.88
USR_00423,5177.46,2,2588.73,2,5177.46
USR_00424,2492.92,1,2492.92,1,2492.92
USR_00425,7774.44,1,7774.44,1,7774.44
USR_00429,850.68,1,850.68,1,850.68
USR_00430,10769.18,2,5384.59,2,10769.18
USR_00431,534.87,1,534.87,1,534.87
USR_00432,12879.119999999999,3,4293.04,3,12879.12
USR_00434,7674.17,1,7674.17,1,7674.17
USR_00435,1957.7,1,1957.7,1,1957.7
USR_00437,6375.09,1,6375.09,1,6375.09
USR_00439,2755.42,1,2755.42,1,2755.42
USR_00440,820.13,1,820.13,1,820.13
USR_00441,9635.11,1,9635.11,1,9635.11
USR_00442,18790.5,2,9395.25,2,18790.5
USR_00443,8387.59,1,8387.59,1,8387.59
USR_00444,1352.6,2,676.3,2,1352.6
USR_00446,7333.78,1,7333.78,1,7333.78
USR_00447,637.64,1,637.64,1,637.64
USR_00448,744.86,1,744.86,1,744.86
USR_00449,2419.95,1,2419.95,1,2419.95
USR_00450,8303.3,2,4151.65,2,8303.3
USR_00451,6666.2,1,6666.2,1,6666.2
USR_00452,919.59,1,919.59,1,919.59
USR_00453,2523.2200000000003,2,1261.61,2,2523.22
USR_00454,517.44,1,517.44,1,517.44
USR_00455,585.12,1,585.12,1,585.12
USR_00457,2002.26,1,2002.26,1,2002.26
USR_00459,938.81,1,938.81,1,938.81
USR_00460,4976.57,2,2488.28,2,4976.56
USR_00462,2526.87,1,2526.87,1,2526.87
USR_00463,3112.44,2,1556.22,2,3112.44
USR_00464,1171.9499999999998,2,585.97,2,1171.94
USR_00465,3086.33,2,1543.16,2,3086.32
USR_00466,8110.38,2,4055.19,2,8110.38
USR_00467,707.89,1,707.89,1,707.89
USR_00468,9984.76,3,3328.25,3,9984.75
USR_00469,4498.14,1,4498.14,1,4498.14
USR_00470,3208.93,1,3208.93,1,3208.93
USR_00472,6725.13,1,6725.13,1,6725.13
USR_00474,6894.93,4,1723.73,4,6894.92
USR_00475,1728.19,1,1728.19,1,1728.19
USR_00476,573.17,1,573.17,1,573.17
USR_00477,2342.73,1,2342.73,1,2342.73
USR_00478,2299.46,1,2299.46,1,2299.46
USR_00479,8235.22,1,8235.22,1,8235.22
USR_00481,2167.96,1,2167.96,1,2167.96
USR_00483,6013.17,2,3006.58,2,6013.16
USR_00484,4922.6900000000005,3,1640.9,3,4922.7
USR_00485,2927.62,1,2927.62,1,2927.62
USR_00486,7464.25,1,7464.25,1,7464.25
USR_00487,572.07,1,572.07,1,572.07
USR_00489,8893.04,1,8893.04,1,8893.04
USR_00490,13058.6,2,6529.3,2,13058.6
USR_00492,6829.129999999999,2,3414.56,2,6829.12
USR_00493,953.26,1,953.26,1,953.26
USR_00494,2504.9,1,2504.9,1,2504.9
USR_00495,2945.4,1,2945.4,1,2945.4
USR_00496,18395.17,2,9197.58,2,18395.16
USR_00497,2242.72,1,2242.72,1,2242.72
USR_00498,1664.77,1,1664.77,1,1664.77
USR_00499,3457.85,1,3457.85,1,3457.85
USR_00500,3707.44,1,3707.44,1,3707.44
USR_00501,806.77,1,806.77,1,806.77
USR_00502,748.07,1,748.07,1,748.07
USR_00505,2379.01,1,2379.01,1,2379.01
USR_00506,1967.69,1,1967.69,1,1967.69
USR_00507,13605.189999999999,4,3401.3,4,13605.2
USR_00508,768.21,1,768.21,1,768.21
USR_00509,991.88,1,991.88,1,991.88
USR_00511,824.77,1,824.77,1,824.77
USR_00512,8123.82,1,8123.82,1,8123.82
USR_00513,993.4,1,993.4,1,993.4
USR_00514,1553.59,1,1553.59,1,1553.59
USR_00515,4069.3599999999997,2,2034.68,2,4069.36
USR_00516,8292.35,1,8292.35,1,8292.35
USR_00517,949.29,1,949.29,1,949.29
USR_00518,618.04,1,618.04,1,618.04
USR_00519,2403.4,2,1201.7,2,2403.4
USR_00520,7375.11,1,7375.11,1,7375.11
USR_00521,7762.64,1,7762.64,1,7762.64
USR_00522,2124.81,1,2124.81,1,2124.81
USR_00524,4419.78,1,4419.78,1,4419.78
USR_00525,1503.61,1,1503.61,1,1503.61
USR_00526,13021.06,2,6510.53,2,13021.06
USR_00527,4106.91,2,2053.46,2,4106.92
USR_00528,10625.92,2,5312.96,2,10625.92
USR_00529,6635.24,3,2211.75,3,6635.25
USR_00530,2267.42,2,1133.71,2,2267.42
USR_00531,6813.77,2,3406.88,2,6813.76
USR_00532,8063.66,1,8063.66,1,8063.66
USR_00533,3151.4,2,1575.7,2,3151.4
USR_00534,5902.27,1,5902.27,1,5902.27
USR_00535,2123.63,1,2123.63,1,2123.63
USR_00537,9512.33,2,4756.16,2,9512.32
USR_00538,3377.1800000000003,3,1125.73,3,3377.19
USR_00540,877.25,1,877.25,1,877.25
USR_00542,2354.57,1,2354.57,1,2354.57
USR_00543,2240.19,1,2240.19,1,2240.19
USR_00545,7935.04,1,7935.04,1,7935.04
USR_00546,501.92,1,501.92,1,501.92
USR_00547,1519.81,1,1519.81,1,1519.81
USR_00549,582.05,1,582.05,1,582.05
USR_00550,3049.56,1,3049.56,1,3049.56
USR_00552,742.75,1,742.75,1,742.75
USR_00554,8630.05,1,8630.05,1,8630.05
USR_00555,915.45,1,915.45,1,915.45
USR_00556,4067.7200000000003,2,2033.86,2,4067.72
USR_00557,667.87,1,667.87,1,667.87
USR_00558,9967.31,1,9967.31,1,9967.31
USR_00559,910.81,1,910.81,1,910.81
USR_00560,3880.23,1,3880.23,1,3880.23
USR_00561,6483.139999999999,2,3241.57,2,6483.14
USR_00562,1705.99,1,1705.99,1,1705.99
USR_00563,7007.25,1,7007.25,1,7007.25
USR_00567,8784.23,1,8784.23,1,8784.23
USR_00568,919.79,1,919.79,1,919.79
USR_00570,4192.66,1,4192.66,1,4192.66
USR_00571,8383.11,1,8383.11,1,8383.11
USR_00572,5763.530000000001,2,2881.77,2,5763.54
USR_00574,15972.0,4,3993.0,4,15972.0
USR_00576,1393.26,1,1393.26,1,1393.26
USR_00579,8932.79,1,8932.79,1,8932.79
USR_00580,4765.51,3,1588.5,3,4765.5
USR_00581,1465.26,2,732.63,2,1465.26
USR_00582,2898.67,1,2898.67,1,2898.67
USR_00584,2058.96,1,2058.96,1,2058.96
USR_00586,3581.62,1,3581.62,1,3581.62
USR_00589,3458.56,1,3458.56,1,3458.56
USR_00590,9861.52,2,4930.76,2,9861.52
USR_00591,1597.04,1,1597.04,1,1597.04
USR_00592,308.19,1,308.19,1,308.19
USR_00593,839.09,1,839.09,1,839.09
USR_00594,1785.34,1,1785.34,1,1785.34
USR_00595,1794.32,1,1794.32,1,1794.32
USR_00596,9201.54,1,9201.54,1,9201.54
USR_00600,4002.26,3,1334.09,3,4002.27
USR_00601,1863.73,1,1863.73,1,1863.73
USR_00605,13582.17,3,4527.39,3,13582.17
USR_00607,2199.4300000000003,2,1099.72,2,2199.44
USR_00608,4427.42,1,4427.42,1,4427.42
USR_00610,1578.89,1,1578.89,1,1578.89
USR_00612,2177.12,1,2177.12,1,2177.12
USR_00613,16986.920000000002,4,4246.73,4,16986.92
USR_00614,9632.03,1,9632.03,1,9632.03
USR_00615,5041.67,1,5041.67,1,5041.67
USR_00616,3694.8,1,3694.8,1,3694.8
USR_00617,4307.84,1,4307.84,1,4307.84
USR_00618,6909.24,2,3454.62,2,6909.24
USR_00619,2876.85,3,958.95,3,2876.85
USR_00620,7591.66,1,7591.66,1,7591.66
USR_00621,2546.78,1,2546.78,1,2546.78
USR_00622,994.54,1,994.54,1,994.54
USR_00623,2473.67,1,2473.67,1,2473.67
USR_00624,4668.360000000001,2,2334.18,2,4668.36
USR_00625,11417.529999999999,2,5708.76,2,11417.52
USR_00626,6890.5,2,3445.25,2,6890.5
USR_00627,837.69,1,837.69,1,837.69
USR_00629,507.02,1,507.02,1,507.02
USR_00631,12488.27,3,4162.76,3,12488.28
USR_00634,8241.77,2,4120.88,2,8241.76
USR_00635,3773.5,1,3773.5,1,3773.5
USR_00637,6165.389999999999,2,3082.7,2,6165.4
USR_00638,6114.23,2,3057.12,2,6114.24
USR_00639,3282.2799999999997,2,1641.14,2,3282.28
USR_00640,14875.029999999999,3,4958.34,3,14875.02
USR_00641,995.24,1,995.24,1,995.24
USR_00642,1862.53,1,1862.53,1,1862.53
USR_00643,821.2,1,821.2,1,821.2
USR_00644,2743.62,1,2743.62,1,2743.62
USR_00646,9515.34,2,4757.67,2,9515.34
USR_00648,2410.53,2,1205.27,2,2410.54
USR_00649,831.66,1,831.66,1,831.66
USR_00650,13506.07,3,4502.02,3,13506.06
USR_00651,933.5,1,933.5,1,933.5
USR_00652,3402.07,1,3402.07,1,3402.07
USR_00653,4044.06,1,4044.06,1,4044.06
USR_00656,4450.26,2,2225.13,2,4450.26
USR_00657,9780.62,2,4890.31,2,9780.62
USR_00658,5722.5,1,5722.5,1,5722.5
USR_00659,4063.5,2,2031.75,2,4063.5
USR_00660,13522.009999999998,2,6761.0,2,13522.0
USR_00661,1667.08,1,1667.08,1,1667.08
USR_00662,3207.1,2,1603.55,2,3207.1
USR_00663,2439.46,1,2439.46,1,2439.46
USR_00664,8160.67,1,8160.67,1,8160.67
USR_00666,4119.48,1,4119.48,1,4119.48
USR_00667,7008.93,2,3504.46,2,7008.92
USR_00668,9256.25,1,9256.25,1,9256.25
USR_00669,956.32,1,956.32,1,956.32
USR_00670,5522.0599999999995,3,1840.69,3,5522.07
USR_00671,813.78,1,813.78,1,813.78
USR_00672,5775.66,2,2887.83,2,5775.66
USR_00673,7797.599999999999,2,3898.8,2,7797.6
USR_00674,9085.650000000001,2,4542.83,2,9085.66
USR_00675,3082.86,1,3082.86,1,3082.86
USR_00677,1956.78,1,1956.78,1,1956.78
USR_00678,581.56,1,581.56,1,581.56
USR_00681,3948.1900000000005,2,1974.1,2,3948.2
USR_00682,4493.72,1,4493.72,1,4493.72
USR_00683,7318.13,2,3659.06,2,7318.12
USR_00684,6821.48,1,6821.48,1,6821.48
USR_00685,13934.739999999998,2,6967.37,2,13934.74
USR_00686,2472.42,2,1236.21,2,2472.42
USR_00687,1463.41,1,1463.41,1,1463.41
USR_00688,2100.92,1,2100.92,1,2100.92
USR_00689,931.18,1,931.18,1,931.18
USR_00690,7579.0,3,2526.33,3,7578.99
USR_00691,6596.610000000001,2,3298.3,2,6596.6
USR_00692,7506.32,2,3753.16,2,7506.32
USR_00695,6033.62,1,6033.62,1,6033.62
USR_00696,6516.05,1,6516.05,1,6516.05
USR_00697,5194.45,1,5194.45,1,5194.45
USR_00698,8609.4,1,8609.4,1,8609.4
USR_00699,2594.72,1,2594.72,1,2594.72
USR_00700,1336.0,1,1336.0,1,1336.0
USR_00701,7352.98,4,1838.24,4,7352.96
USR_00702,687.94,1,687.94,1,687.94
USR_00705,550.41,1,550.41,1,550.41
USR_00706,1223.6,2,611.8,2,1223.6
USR_00707,10264.73,2,5132.36,2,10264.72
USR_00708,3328.33,2,1664.16,2,3328.32
USR_00709,4195.73,2,2097.86,2,4195.72
USR_00711,680.2,1,680.2,1,680.2
USR_00714,2546.95,2,1273.47,2,2546.94
USR_00715,939.58,1,939.58,1,939.58
USR_00716,1906.74,1,1906.74,1,1906.74
USR_00718,3385.02,2,1692.51,2,3385.02
USR_00719,619.17,1,619.17,1,619.17
USR_00720,1720.8400000000001,2,860.42,2,1720.84
USR_00722,3990.15,1,3990.15,1,3990.15
USR_00724,16106.02,3,5368.67,3,16106.01
USR_00725,485.09,1,485.09,1,485.09
USR_00726,5416.45,1,5416.45,1,5416.45
USR_00728,7630.68,2,3815.34,2,7630.68
USR_00729,5321.36,1,5321.36,1,5321.36
USR_00730,1764.4499999999998,2,882.22,2,1764.44
USR_00732,5919.39,1,5919.39,1,5919.39
USR_00733,4687.95,1,4687.95,1,4687.95
USR_00736,6106.780000000001,2,3053.39,2,6106.78
USR_00737,2313.14,1,2313.14,1,2313.14
USR_00738,543.82,1,543.82,1,543.82
USR_00740,6870.719999999999,2,3435.36,2,6870.72
USR_00742,1435.61,1,1435.61,1,1435.61
USR_00743,2103.68,1,2103.68,1,2103.68
USR_00744,1330.53,2,665.26,2,1330.52
USR_00746,552.54,1,552.54,1,552.54
USR_00747,2689.35,2,1344.68,2,2689.36
USR_00750,3662.18,2,1831.09,2,3662.18
USR_00751,1874.14,1,1874.14,1,1874.14
USR_00753,8075.599999999999,2,4037.8,2,8075.6
USR_00754,606.59,1,606.59,1,606.59
USR_00755,1631.99,1,1631.99,1,1631.99
USR_00756,1792.58,1,1792.58,1,1792.58
USR_00757,561.05,1,561.05,1,561.05
USR_00758,667.69,1,667.69,1,667.69
USR_00759,8767.46,1,8767.46,1,8767.46
USR_00760,1506.31,2,753.16,2,1506.32
USR_00761,972.57,1,972.57,1,972.57
USR_00762,862.54,1,862.54,1,862.54
USR_00763,3406.96,1,3406.96,1,3406.96
USR_00764,582.25,1,582.25,1,582.25
USR_00766,3009.5600000000004,2,1504.78,2,3009.56
USR_00767,3368.47,2,1684.24,2,3368.48
USR_00768,7388.13,3,2462.71,3,7388.13
USR_00769,812.17,1,812.17,1,812.17
USR_00770,4823.15,2,2411.57,2,4823.14
USR_00771,582.32,1,582.32,1,582.32
USR_00772,13227.77,3,4409.26,3,13227.78
USR_00774,7292.75,1,7292.75,1,7292.75
USR_00776,595.92,1,595.92,1,595.92
USR_00777,16096.259999999998,2,8048.13,2,16096.26
USR_00778,13681.41,4,3420.35,4,13681.4
USR_00780,3049.56,1,3049.56,1,3049.56
USR_00782,4013.54,2,2006.77,2,4013.54
USR_00783,7137.35,1,7137.35,1,7137.35
USR_00785,2103.41,1,2103.41,1,2103.41
USR_00786,7970.7,1,7970.7,1,7970.7
USR_00788,8594.71,1,8594.71,1,8594.71
USR_00789,2894.27,2,1447.14,2,2894.28
USR_00791,2557.19,1,2557.19,1,2557.19
USR_00792,1362.96,2,681.48,2,1362.96
USR_00793,7296.41,1,7296.41,1,7296.41
USR_00795,1643.81,1,1643.81,1,1643.81
USR_00796,8836.62,2,4418.31,2,8836.62
USR_00797,1792.58,1,1792.58,1,1792.58
USR_00798,2838.94,1,2838.94,1,2838.94
USR_00799,2354.56,1,2354.56,1,2354.56
USR_00800,3238.71,1,3238.71,1,3238.71
USR_00802,935.22,1,935.22,1,935.22
USR_00803,8265.16,1,8265.16,1,8265.16
USR_00806,1531.16,1,1531.16,1,1531.16
USR_00807,692.56,1,692.56,1,692.56
USR_00808,1565.66,2,782.83,2,1565.66
USR_00809,2717.93,1,2717.93,1,2717.93
USR_00811,10314.5,2,5157.25,2,10314.5
USR_00813,600.78,1,600.78,1,600.78
USR_00814,748.45,1,748.45,1,748.45
USR_00815,5766.75,2,2883.38,2,5766.76
USR_00818,3803.48,1,3803.48,1,3803.48
USR_00819,7854.41,1,7854.41,1,7854.41
USR_00820,380.15,1,380.15,1,380.15
USR_00821,6296.7,1,6296.7,1,6296.7
USR_00822,1774.1399999999999,2,887.07,2,1774.14
USR_00825,2866.81,1,2866.81,1,2866.81
USR_00826,976.59,1,976.59,1,976.59
USR_00828,1992.03,1,1992.03,1,1992.03
USR_00830,2353.01,1,2353.01,1,2353.01
USR_00831,6706.86,1,6706.86,1,6706.86
USR_00832,11594.98,4,2898.74,4,11594.96
USR_00833,795.78,1,795.78,1,795.78
USR_00835,19371.45,3,6457.15,3,19371.45
USR_00836,743.18,1,743.18,1,743.18
USR_00837,4302.530000000001,2,2151.27,2,4302.54
USR_00838,2259.59,1,2259.59,1,2259.59
USR_00840,2378.52,1,2378.52,1,2378.52
USR_00842,9202.46,1,9202.46,1,9202.46
USR_00843,5481.67,1,5481.67,1,5481.67
USR_00844,2196.1,1,2196.1,1,2196.1
USR_00845,4113.72,2,2056.86,2,4113.72
USR_00847,974.14,1,974.14,1,974.14
USR_00848,758.32,1,758.32,1,758.32
USR_00849,6656.51,1,6656.51,1,6656.51
USR_00850,4018.31,1,4018.31,1,4018.31
USR_00852,6369.25,1,6369.25,1,6369.25
USR_00853,9219.28,2,4609.64,2,9219.28
USR_00854,697.67,1,697.67,1,697.67
USR_00855,2650.48,2,1325.24,2,2650.48
USR_00856,8701.56,1,8701.56,1,8701.56
USR_00858,4167.6,2,2083.8,2,4167.6
USR_00859,7818.05,1,7818.05,1,7818.05
USR_00860,3474.62,3,1158.21,3,3474.63
USR_00862,6835.37,1,6835.37,1,6835.37
USR_00863,864.33,1,864.33,1,864.33
USR_00864,2982.63,1,2982.63,1,2982.63
USR_00865,660.67,1,660.67,1,660.67
USR_00866,9192.25,1,9192.25,1,9192.25
USR_00867,2602.44,1,2602.44,1,2602.44
USR_00869,1507.42,1,1507.42,1,1507.42
USR_00871,930.59,1,930.59,1,930.59
USR_00872,518.1,1,518.1,1,518.1
USR_00873,19403.7,2,9701.85,2,19403.7
USR_00875,636.76,1,636.76,1,636.76
USR_00876,1439.49,2,719.74,2,1439.48
USR_00877,7068.91,1,7068.91,1,7068.91
USR_00878,1968.22,1,1968.22,1,1968.22
USR_00879,5452.79,1,5452.79,1,5452.79
USR_00880,3529.05,2,1764.52,2,3529.04
USR_00881,1877.86,1,1877.86,1,1877.86
USR_00882,2300.7,1,2300.7,1,2300.7
USR_00883,8941.85,1,8941.85,1,8941.85
USR_00884,8637.66,3,2879.22,3,8637.66
USR_00885,3618.25,1,3618.25,1,3618.25
USR_00887,2052.7,1,2052.7,1,2052.7
USR_00888,4462.76,3,1487.59,3,4462.77
USR_00889,4351.53,2,2175.76,2,4351.52
USR_00890,800.82,1,800.82,1,800.82
USR_00891,7996.26,2,3998.13,2,7996.26
USR_00892,8668.5,2,4334.25,2,8668.5
USR_00893,1467.55,1,1467.55,1,1467.55
USR_00894,6725.93,1,6725.93,1,6725.93
USR_00895,662.29,1,662.29,1,662.29
USR_00897,3638.87,3,1212.96,3,3638.88
USR_00898,1526.11,1,1526.11,1,1526.11
USR_00899,9239.31,2,4619.66,2,9239.32
USR_00902,6444.49,2,3222.24,2,6444.48
USR_00904,2787.58,1,2787.58,1,2787.58
USR_00905,5015.69,1,5015.69,1,5015.69
USR_00908,602.5,1,602.5,1,602.5
USR_00909,10199.44,2,5099.72,2,10199.44
USR_00910,2958.85,2,1479.42,2,2958.84
USR_00911,11593.9,2,5796.95,2,11593.9
USR_00913,2959.9700000000003,2,1479.98,2,2959.96
USR_00914,1508.34,1,1508.34,1,1508.34
USR_00915,7615.69,1,7615.69,1,7615.69
USR_00916,833.37,1,833.37,1,833.37
USR_00918,2599.01,1,2599.01,1,2599.01
USR_00919,3242.55,2,1621.28,2,3242.56
USR_00920,624.87,1,624.87,1,624.87
USR_00922,2230.37,1,2230.37,1,2230.37
USR_00923,3449.9,2,1724.95,2,3449.9
USR_00925,2898.27,1,2898.27,1,2898.27
USR_00926,983.34,1,983.34,1,983.34
USR_00927,9161.76,1,9161.76,1,9161.76
USR_00928,6379.23,1,6379.23,1,6379.23
USR_00930,11154.11,2,5577.06,2,11154.12
USR_00931,1677.79,1,1677.79,1,1677.79
USR_00932,5080.01,1,5080.01,1,5080.01
USR_00934,3166.15,1,3166.15,1,3166.15
USR_00936,2698.12,2,1349.06,2,2698.12
USR_00937,1782.27,1,1782.27,1,1782.27
USR_00938,3013.0499999999997,2,1506.52,2,3013.04
USR_00940,9708.55,2,4854.27,2,9708.54
USR_00941,374.88,1,374.88,1,374.88
USR_00943,6935.18,2,3467.59,2,6935.18
USR_00944,3020.1400000000003,2,1510.07,2,3020.14
USR_00945,890.63,1,890.63,1,890.63
USR_00946,2291.4700000000003,2,1145.74,2,2291.48
USR_00947,7234.05,2,3617.02,2,7234.04
USR_00948,1838.34,1,1838.34,1,1838.34
USR_00950,3489.76,2,1744.88,2,3489.76
USR_00951,2734.6800000000003,2,1367.34,2,2734.68
USR_00952,10385.76,3,3461.92,3,10385.76
USR_00953,2548.34,2,1274.17,2,2548.34
USR_00954,10062.880000000001,3,3354.29,3,10062.87
USR_00955,8779.86,2,4389.93,2,8779.86
USR_00956,8801.92,1,8801.92,1,8801.92
USR_00957,4237.49,1,4237.49,1,4237.49
USR_00958,3863.76,1,3863.76,1,3863.76
USR_00959,4231.53,1,4231.53,1,4231.53
USR_00960,3977.02,2,1988.51,2,3977.02
USR_00961,496.88,1,496.88,1,496.88
USR_00962,3674.96,1,3674.96,1,3674.96
USR_00963,8936.64,2,4468.32,2,8936.64
USR_00964,1913.95,1,1913.95,1,1913.95
USR_00966,7813.700000000001,2,3906.85,2,7813.7
USR_00968,924.25,1,924.25,1,924.25
USR_00969,8706.38,3,2902.13,3,8706.39
USR_00971,4854.26,2,2427.13,2,4854.26
USR_00972,8473.19,2,4236.6,2,8473.2
USR_00973,1695.81,2,847.9,2,1695.8
USR_00975,7936.24,1,7936.24,1,7936.24
USR_00976,2968.67,1,2968.67,1,2968.67
USR_00978,1642.79,1,1642.79,1,1642.79
USR_00979,7479.23,3,2493.08,3,7479.24
USR_00980,4381.13,3,1460.38,3,4381.14
USR_00982,2017.5500000000002,2,1008.78,2,2017.56
USR_00983,1922.84,1,1922.84,1,1922.84
USR_00984,686.23,1,686.23,1,686.23
USR_00988,6615.540000000001,2,3307.77,2,6615.54
USR_00989,6267.41,2,3133.7,2,6267.4
USR_00990,1604.79,1,1604.79,1,1604.79
USR_00991,1556.05,1,1556.05,1,1556.05
USR_00992,7189.54,1,7189.54,1,7189.54
USR_00993,3634.7400000000002,2,1817.37,2,3634.74
USR_00994,2401.49,1,2401.49,1,2401.49
USR_00995,2733.82,1,2733.82,1,2733.82
USR_00996,5261.929999999999,3,1753.98,3,5261.94
USR_00997,15312.51,3,5104.17,3,15312.51
USR_00998,6039.5,1,6039.5,1,6039.5
USR_00999,9504.62,2,4752.31,2,9504.62
USR_01000,2416.55,2,1208.28,2,2416.56
USR_01002,503.33,1,503.33,1,503.33
USR_01003,9202.39,1,9202.39,1,9202.39
USR_01005,1668.93,2,834.46,2,1668.92
USR_01006,8385.87,1,8385.87,1,8385.87
USR_01008,1796.27,1,1796.27,1,1796.27
USR_01009,1885.33,1,1885.33,1,1885.33
USR_01010,866.32,1,866.32,1,866.32
USR_01012,1622.71,1,1622.71,1,1622.71
USR_01013,2708.34,1,2708.34,1,2708.34
USR_01014,2667.32,1,2667.32,1,2667.32
USR_01015,3264.71,1,3264.71,1,3264.71
USR_01016,1636.56,1,1636.56,1,1636.56
USR_01017,538.78,1,538.78,1,538.78
USR_01018,2771.92,1,2771.92,1,2771.92
USR_01019,8545.03,2,4272.52,2,8545.04
USR_01021,7047.66,1,7047.66,1,7047.66
USR_01022,2271.11,1,2271.11,1,2271.11
USR_01024,1003.53,1,1003.53,1,1003.53
USR_01025,4853.77,1,4853.77,1,4853.77
USR_01026,10008.27,2,5004.14,2,10008.28
USR_01028,1455.72,1,1455.72,1,1455.72
USR_01029,8490.65,1,8490.65,1,8490.65
USR_01030,2231.88,1,2231.88,1,2231.88
USR_01031,4716.56,2,2358.28,2,4716.56
USR_01034,8573.470000000001,3,2857.82,3,8573.46
USR_01035,9261.93,2,4630.96,2,9261.92
USR_01037,8064.41,1,8064.41,1,8064.41
USR_01038,2244.01,1,2244.01,1,2244.01
USR_01039,876.33,1,876.33,1,876.33
USR_01040,2171.75,1,2171.75,1,2171.75
USR_01041,3320.13,2,1660.06,2,3320.12
USR_01042,1843.26,1,1843.26,1,1843.26
USR_01043,2094.77,1,2094.77,1,2094.77
USR_01044,10539.0,2,5269.5,2,10539.0
USR_01045,2599.17,2,1299.58,2,2599.16
USR_01046,3127.52,1,3127.52,1,3127.52
USR_01048,525.77,1,525.77,1,525.77
USR_01049,647.73,1,647.73,1,647.73
USR_01050,1711.8400000000001,2,855.92,2,1711.84
USR_01051,3485.69,1,3485.69,1,3485.69
USR_01052,978.71,1,978.71,1,978.71
USR_01053,9814.95,1,9814.95,1,9814.95
USR_01054,798.02,1,798.02,1,798.02
USR_01055,4921.51,1,4921.51,1,4921.51
USR_01056,12256.470000000001,2,6128.24,2,12256.48
USR_01057,2964.85,1,2964.85,1,2964.85
USR_01058,8658.27,1,8658.27,1,8658.27
USR_01059,4378.13,2,2189.06,2,4378.12
USR_01060,514.55,1,514.55,1,514.55
USR_01061,11483.61,2,5741.8,2,11483.6
USR_01062,4890.96,1,4890.96,1,4890.96
USR_01064,1484.13,1,1484.13,1,1484.13
USR_01065,460.41,1,460.41,1,460.41
USR_01066,848.11,1,848.11,1,848.11
USR_01067,814.47,1,814.47,1,814.47
USR_01070,2918.22,1,2918.22,1,2918.22
USR_01071,1195.1,2,597.55,2,1195.1
USR_01072,9400.92,1,9400.92,1,9400.92
USR_01073,2549.05,1,2549.05,1,2549.05
USR_01074,2790.78,1,2790.78,1,2790.78
USR_01075,7030.96,1,7030.96,1,7030.96
USR_01076,8335.91,2,4167.96,2,8335.92
USR_01078,624.8,1,624.8,1,624.8
USR_01079,9860.7,1,9860.7,1,9860.7
USR_01080,2651.47,1,2651.47,1,2651.47
USR_01082,3342.2599999999998,2,1671.13,2,3342.26
USR_01083,4534.43,3,1511.48,3,4534.44
USR_01084,6419.94,1,6419.94,1,6419.94
USR_01087,1337.58,1,1337.58,1,1337.58
USR_01088,5219.400000000001,2,2609.7,2,5219.4
USR_01089,3149.8,1,3149.8,1,3149.8
USR_01090,1825.89,1,1825.89,1,1825.89
USR_01091,693.43,1,693.43,1,693.43
USR_01092,6740.15,1,6740.15,1,6740.15
USR_01093,1633.96,1,1633.96,1,1633.96
USR_01094,2984.55,3,994.85,3,2984.55
USR_01095,4505.13,1,4505.13,1,4505.13
USR_01096,1867.47,1,1867.47,1,1867.47
USR_01097,933.26,1,933.26,1,933.26
USR_01098,7311.03,1,7311.03,1,7311.03
USR_01099,937.75,1,937.75,1,937.75
USR_01101,16580.84,3,5526.95,3,16580.85
USR_01102,10093.32,3,3364.44,3,10093.32
USR_01103,2005.04,2,1002.52,2,2005.04
USR_01104,10287.55,2,5143.77,2,10287.54
USR_01105,2898.42,1,2898.42,1,2898.42
USR_01106,6698.349999999999,2,3349.18,2,6698.36
USR_01107,8635.19,1,8635.19,1,8635.19
USR_01108,4113.94,1,4113.94,1,4113.94
USR_01109,9029.94,1,9029.94,1,9029.94
USR_01111,6822.99,2,3411.5,2,6823.0
USR_01112,5325.72,2,2662.86,2,5325.72
USR_01113,6692.06,2,3346.03,2,6692.06
USR_01114,1133.59,1,1133.59,1,1133.59
USR_01115,581.61,1,581.61,1,581.61
USR_01116,2683.31,1,2683.31,1,2683.31
USR_01117,914.9,1,914.9,1,914.9
USR_01119,15001.76,3,5000.59,3,15001.77
USR_01120,2583.15,1,2583.15,1,2583.15
USR_01121,10885.18,2,5442.59,2,10885.18
USR_01122,3393.15,1,3393.15,1,3393.15
USR_01123,7078.01,1,7078.01,1,7078.01
USR_01125,5012.69,1,5012.69,1,5012.69
USR_01127,641.24,1,641.24,1,641.24
USR_01128,1559.82,1,1559.82,1,1559.82
USR_01130,10417.69,2,5208.84,2,10417.68
USR_01132,2808.83,1,2808.83,1,2808.83
USR_01133,11243.45,2,5621.72,2,11243.44
USR_01135,6455.14,2,3227.57,2,6455.14
USR_01136,2597.88,2,1298.94,2,2597.88
USR_01138,2489.69,2,1244.84,2,2489.68
USR_01139,7033.35,1,7033.35,1,7033.35
USR_01140,5565.87,1,5565.87,1,5565.87
USR_01141,1572.62,1,1572.62,1,1572.62
USR_01142,5501.18,1,5501.18,1,5501.18
USR_01143,567.45,1,567.45,1,567.45
USR_01145,2983.47,1,2983.47,1,2983.47
USR_01147,4579.51,1,4579.51,1,4579.51
USR_01148,987.91,1,987.91,1,987.91
USR_01149,1697.67,1,1697.67,1,1697.67
USR_01151,6030.67,1,6030.67,1,6030.67
USR_01152,4096.27,3,1365.42,3,4096.26
USR_01153,2579.0,2,1289.5,2,2579.0
USR_01154,8731.01,1,8731.01,1,8731.01
USR_01156,2936.93,1,2936.93,1,2936.93
USR_01157,739.51,1,739.51,1,739.51
USR_01158,6083.04,3,2027.68,3,6083.04
USR_01159,1826.71,1,1826.71,1,1826.71
USR_01160,1639.22,1,1639.22,1,1639.22
USR_01162,4470.1,1,4470.1,1,4470.1
USR_01163,5961.72,1,5961.72,1,5961.72
USR_01164,1697.94,1,1697.94,1,1697.94
USR_01165,3018.66,2,1509.33,2,3018.66
USR_01166,2548.53,1,2548.53,1,2548.53
USR_01167,2888.32,1,2888.32,1,2888.32
USR_01168,2850.25,1,2850.25,1,2850.25
USR_01169,1578.25,1,1578.25,1,1578.25
USR_01170,1708.57,1,1708.57,1,1708.57
USR_01171,9962.76,1,9962.76,1,9962.76
USR_01172,2220.17,1,2220.17,1,2220.17
USR_01173,2981.6,1,2981.6,1,2981.6
USR_01175,1063.09,2,531.54,2,1063.08
USR_01176,15739.75,2,7869.88,2,15739.76
USR_01177,811.51,1,811.51,1,811.51
USR_01178,8931.62,1,8931.62,1,8931.62
USR_01179,632.91,1,632.91,1,632.91
USR_01180,8126.89,1,8126.89,1,8126.89
USR_01181,2272.5,1,2272.5,1,2272.5
USR_01182,569.75,1,569.75,1,569.75
USR_01183,7096.17,2,3548.08,2,7096.16
USR_01184,5445.030000000001,3,1815.01,3,5445.03
USR_01185,2595.17,1,2595.17,1,2595.17
USR_01186,6656.76,1,6656.76,1,6656.76
USR_01187,6193.09,1,6193.09,1,6193.09
USR_01188,2557.0,2,1278.5,2,2557.0
USR_01189,940.19,1,940.19,1,940.19
USR_01191,792.05,1,792.05,1,792.05
USR_01192,2531.6,1,2531.6,1,2531.6
USR_01193,12776.03,3,4258.68,3,12776.04
USR_01194,8060.630000000001,3,2686.88,3,8060.64
USR_01195,5253.54,2,2626.77,2,5253.54
USR_01197,2691.66,1,2691.66,1,2691.66
USR_01199,895.91,1,895.91,1,895.91
USR_01200,550.24,1,550.24,1,550.24
USR_01201,6427.82,1,6427.82,1,6427.82
USR_01203,2301.9,1,2301.9,1,2301.9
USR_01205,2757.78,1,2757.78,1,2757.78
USR_01206,3888.82,1,3888.82,1,3888.82
USR_01208,9139.07,1,9139.07,1,9139.07
USR_01209,7298.92,2,3649.46,2,7298.92
USR_01210,779.9,1,779.9,1,779.9
USR_01211,3005.3900000000003,2,1502.7,2,3005.4
USR_01213,2667.33,1,2667.33,1,2667.33
USR_01214,927.92,1,927.92,1,927.92
USR_01215,7935.879999999999,2,3967.94,2,7935.88
USR_01216,5096.31,1,5096.31,1,5096.31
USR_01217,1796.66,1,1796.66,1,1796.66
USR_01218,2016.11,1,2016.11,1,2016.11
USR_01219,538.3,1,538.3,1,538.3
USR_01220,2892.32,3,964.11,3,2892.33
USR_01221,3435.2,1,3435.2,1,3435.2
USR_01222,813.13,1,813.13,1,813.13
USR_01223,2635.82,1,2635.82,1,2635.82
USR_01224,2628.11,2,1314.06,2,2628.12
USR_01225,681.54,1,681.54,1,681.54
USR_01226,7023.67,1,7023.67,1,7023.67
USR_01227,7838.34,1,7838.34,1,7838.34
USR_01228,8915.75,1,8915.75,1,8915.75
USR_01229,7535.81,1,7535.81,1,7535.81
USR_01230,1487.42,2,743.71,2,1487.42
USR_01231,3725.3599999999997,2,1862.68,2,3725.36
USR_01232,5277.08,2,2638.54,2,5277.08
USR_01233,5130.79,2,2565.4,2,5130.8
USR_01235,15634.61,2,7817.3,2,15634.6
USR_01236,5720.3099999999995,2,2860.16,2,5720.32
USR_01240,8101.29,2,4050.64,2,8101.28
USR_01241,12459.86,2,6229.93,2,12459.86
USR_01242,5885.62,1,5885.62,1,5885.62
USR_01243,801.54,1,801.54,1,801.54
USR_01244,3405.2400000000002,2,1702.62,2,3405.24
USR_01245,8663.44,1,8663.44,1,8663.44
USR_01246,576.97,1,576.97,1,576.97
USR_01247,2356.6800000000003,2,1178.34,2,2356.68
USR_01248,640.95,1,640.95,1,640.95
USR_01251,2560.35,1,2560.35,1,2560.35
USR_01253,10096.09,2,5048.04,2,10096.08
USR_01256,3530.17,1,3530.17,1,3530.17
USR_01257,5907.95,1,5907.95,1,5907.95
USR_01258,865.4,1,865.4,1,865.4
USR_01259,2844.06,1,2844.06,1,2844.06
USR_01260,7088.38,1,7088.38,1,7088.38
USR_01261,6234.68,1,6234.68,1,6234.68
USR_01262,2159.21,1,2159.21,1,2159.21
USR_01265,1555.49,1,1555.49,1,1555.49
USR_01267,898.35,1,898.35,1,898.35
USR_01268,729.11,1,729.11,1,729.11
USR_01272,2596.63,1,2596.63,1,2596.63
USR_01273,2191.67,1,2191.67,1,2191.67
USR_01274,6827.46,2,3413.73,2,6827.46
USR_01275,5883.68,2,2941.84,2,5883.68
USR_01276,6876.88,1,6876.88,1,6876.88
USR_01277,901.68,1,901.68,1,901.68
USR_01278,613.43,1,613.43,1,613.43
USR_01279,7697.2,1,7697.2,1,7697.2
USR_01280,2984.15,1,2984.15,1,2984.15
USR_01281,2335.29,1,2335.29,1,2335.29
USR_01282,705.17,1,705.17,1,705.17
USR_01283,5160.91,1,5160.91,1,5160.91
USR_01284,3072.58,1,3072.58,1,3072.58
USR_01285,2754.16,1,2754.16,1,2754.16
USR_01286,723.66,1,723.66,1,723.66
USR_01287,9297.35,2,4648.68,2,9297.36
USR_01289,851.03,1,851.03,1,851.03
USR_01291,16965.879999999997,3,5655.29,3,16965.87
USR_01296,2471.04,1,2471.04,1,2471.04
USR_01297,704.44,1,704.44,1,704.44
USR_01298,14833.779999999999,4,3708.44,4,14833.76
USR_01299,4532.91,1,4532.91,1,4532.91
USR_01300,2646.73,2,1323.36,2,2646.72
USR_01301,708.39,1,708.39,1,708.39
USR_01302,7977.4,1,7977.4,1,7977.4
USR_01303,3192.27,2,1596.14,2,3192.28
USR_01304,7134.75,1,7134.75,1,7134.75
USR_01305,1829.9,2,914.95,2,1829.9
USR_01306,13011.630000000001,3,4337.21,3,13011.63
USR_01307,1897.88,1,1897.88,1,1897.88
USR_01308,945.06,1,945.06,1,945.06
USR_01309,402.66,1,402.66,1,402.66
USR_01310,806.41,1,806.41,1,806.41
USR_01312,8751.38,1,8751.38,1,8751.38
USR_01314,932.15,1,932.15,1,932.15
USR_01317,9650.55,1,9650.55,1,9650.55
USR_01318,6230.98,1,6230.98,1,6230.98
USR_01319,7670.26,2,3835.13,2,7670.26
USR_01320,9210.01,2,4605.0,2,9210.0
USR_01321,11685.560000000001,2,5842.78,2,11685.56
USR_01322,5269.96,1,5269.96,1,5269.96
USR_01323,7014.22,3,2338.07,3,7014.21
USR_01325,3775.42,2,1887.71,2,3775.42
USR_01326,2865.87,2,1432.94,2,2865.88
USR_01327,4305.93,2,2152.96,2,4305.92
USR_01328,2915.7,1,2915.7,1,2915.7
USR_01329,2359.43,1,2359.43,1,2359.43
USR_01331,802.37,1,802.37,1,802.37
USR_01332,3160.74,1,3160.74,1,3160.74
USR_01333,1995.54,1,1995.54,1,1995.54
USR_01335,12311.12,2,6155.56,2,12311.12
USR_01336,572.54,1,572.54,1,572.54
USR_01337,3499.81,1,3499.81,1,3499.81
USR_01338,1900.7,1,1900.7,1,1900.7
USR_01339,5197.240000000001,2,2598.62,2,5197.24
USR_01340,4550.01,2,2275.0,2,4550.0
USR_01342,772.87,1,772.87,1,772.87
USR_01344,4570.29,2,2285.14,2,4570.28
USR_01346,4604.86,1,4604.86,1,4604.86
USR_01347,2844.77,1,2844.77,1,2844.77
USR_01348,2700.7,2,1350.35,2,2700.7
USR_01350,1147.87,1,1147.87,1,1147.87
USR_01351,2069.21,1,2069.21,1,2069.21
USR_01353,1710.37,1,1710.37,1,1710.37
USR_01354,8604.03,1,8604.03,1,8604.03
USR_01355,9648.699999999999,3,3216.23,3,9648.69
USR_01356,1916.67,1,1916.67,1,1916.67
USR_01358,1634.13,1,1634.13,1,1634.13
USR_01360,679.09,1,679.09,1,679.09
USR_01361,2066.08,2,1033.04,2,2066.08
USR_01362,6695.969999999999,2,3347.98,2,6695.96
USR_01363,14279.7,2,7139.85,2,14279.7
USR_01364,2005.09,1,2005.09,1,2005.09
USR_01366,9837.37,1,9837.37,1,9837.37
USR_01367,664.42,1,664.42,1,664.42
USR_01368,8718.15,4,2179.54,4,8718.16
USR_01369,8492.16,1,8492.16,1,8492.16
USR_01370,7952.19,2,3976.1,2,7952.2
USR_01373,637.72,1,637.72,1,637.72
USR_01374,2938.77,1,2938.77,1,2938.77
USR_01375,631.11,1,631.11,1,631.11
USR_01376,535.84,1,535.84,1,535.84
USR_01377,19116.27,3,6372.09,3,19116.27
USR_01378,728.69,1,728.69,1,728.69
USR_01379,1960.57,1,1960.57,1,1960.57
USR_01380,574.73,1,574.73,1,574.73
USR_01381,9787.44,1,9787.44,1,9787.44
USR_01382,614.47,1,614.47,1,614.47
USR_01383,7602.3,1,7602.3,1,7602.3
USR_01384,837.31,1,837.31,1,837.31
USR_01385,2146.17,1,2146.17,1,2146.17
USR_01386,750.57,1,750.57,1,750.57
USR_01387,7843.88,1,7843.88,1,7843.88
USR_01388,874.21,1,874.21,1,874.21
USR_01389,3159.69,1,3159.69,1,3159.69
USR_01390,2289.73,2,1144.86,2,2289.72
USR_01392,2967.01,1,2967.01,1,2967.01
USR_01393,4903.45,3,1634.48,3,4903.44
USR_01394,2446.51,1,2446.51,1,2446.51
USR_01395,2985.0,1,2985.0,1,2985.0
USR_01396,4365.39,1,4365.39,1,4365.39
USR_01397,5825.08,2,2912.54,2,5825.08
USR_01398,2549.64,1,2549.64,1,2549.64
USR_01399,11032.14,2,5516.07,2,11032.14
USR_01400,3959.6000000000004,2,1979.8,2,3959.6
USR_01403,2338.56,1,2338.56,1,2338.56
USR_01404,8684.34,2,4342.17,2,8684.34
USR_01405,2039.74,1,2039.74,1,2039.74
USR_01406,714.45,1,714.45,1,714.45
USR_01407,5925.82,1,5925.82,1,5925.82
USR_01408,14902.740000000002,2,7451.37,2,14902.74
USR_01410,10215.81,2,5107.9,2,10215.8
USR_01411,4717.69,1,4717.69,1,4717.69
USR_01412,527.46,1,527.46,1,527.46
USR_01413,11555.99,2,5778.0,2,11556.0
USR_01414,9075.46,1,9075.46,1,9075.46
USR_01415,511.66,1,511.66,1,511.66
USR_01417,2874.38,2,1437.19,2,2874.38
USR_01418,5638.1,1,5638.1,1,5638.1
USR_01419,9364.92,2,4682.46,2,9364.92
USR_01420,1483.02,2,741.51,2,1483.02
USR_01421,2070.7,1,2070.7,1,2070.7
USR_01422,11511.29,2,5755.64,2,11511.28
USR_01423,876.19,1,876.19,1,876.19
USR_01424,1766.96,1,1766.96,1,1766.96
USR_01425,764.79,1,764.79,1,764.79
USR_01426,753.36,1,753.36,1,753.36
USR_01427,8651.49,1,8651.49,1,8651.49
USR_01428,2767.56,2,1383.78,2,2767.56
USR_01429,3072.84,2,1536.42,2,3072.84
USR_01430,2604.58,1,2604.58,1,2604.58
USR_01431,4077.31,2,2038.66,2,4077.32
USR_01432,2572.33,2,1286.16,2,2572.32
USR_01433,2158.52,1,2158.52,1,2158.52
USR_01434,9423.07,1,9423.07,1,9423.07
USR_01435,1303.96,2,651.98,2,1303.96
USR_01438,18379.620000000003,2,9189.81,2,18379.62
USR_01439,6377.94,1,6377.94,1,6377.94
USR_01440,1570.62,1,1570.62,1,1570.62
USR_01441,2295.31,2,1147.66,2,2295.32
USR_01442,1514.24,1,1514.24,1,1514.24
USR_01443,8116.4800000000005,2,4058.24,2,8116.48
USR_01445,7611.29,2,3805.64,2,7611.28
USR_01446,9450.24,1,9450.24,1,9450.24
USR_01447,7286.6,1,7286.6,1,7286.6
USR_01449,3174.94,2,1587.47,2,3174.94
USR_01450,12400.849999999999,2,6200.42,2,12400.84
USR_01451,7224.3099999999995,3,2408.1,3,7224.3
USR_01452,9663.07,1,9663.07,1,9663.07
USR_01453,3816.75,2,1908.38,2,3816.76
USR_01455,2887.49,1,2887.49,1,2887.49
USR_01456,3270.87,2,1635.44,2,3270.88
USR_01457,3890.92,3,1296.97,3,3890.91
USR_01458,8675.09,1,8675.09,1,8675.09
USR_01459,1531.2,1,1531.2,1,1531.2
USR_01460,1802.54,1,1802.54,1,1802.54
USR_01461,5057.72,1,5057.72,1,5057.72
USR_01462,805.04,1,805.04,1,805.04
USR_01463,13759.119999999999,2,6879.56,2,13759.12
USR_01464,534.67,1,534.67,1,534.67
USR_01465,16435.91,2,8217.96,2,16435.92
USR_01466,8143.200000000001,2,4071.6,2,8143.2
USR_01469,6274.13,2,3137.06,2,6274.12
USR_01470,651.82,1,651.82,1,651.82
USR_01471,1020.09,1,1020.09,1,1020.09
USR_01472,5081.31,2,2540.66,2,5081.32
USR_01473,672.92,1,672.92,1,672.92
USR_01474,2808.45,1,2808.45,1,2808.45
USR_01475,4382.37,2,2191.18,2,4382.36
USR_01476,1820.74,1,1820.74,1,1820.74
USR_01477,499.41,1,499.41,1,499.41
USR_01480,927.15,1,927.15,1,927.15
USR_01482,6748.72,1,6748.72,1,6748.72
USR_01483,2808.17,1,2808.17,1,2808.17
USR_01485,1559.15,1,1559.15,1,1559.15
USR_01488,6449.08,1,6449.08,1,6449.08
USR_01489,9823.26,1,9823.26,1,9823.26
USR_01490,2602.19,2,1301.1,2,2602.2
USR_01491,663.94,1,663.94,1,663.94
USR_01492,9574.99,1,9574.99,1,9574.99
USR_01493,1524.93,1,1524.93,1,1524.93
USR_01494,2408.48,1,2408.48,1,2408.48
USR_01495,1218.5,2,609.25,2,1218.5
USR_01496,687.91,1,687.91,1,687.91
USR_01497,3909.16,1,3909.16,1,3909.16
USR_01498,4026.7,1,4026.7,1,4026.7
USR_01499,2300.57,1,2300.57,1,2300.57
USR_01500,2918.76,1,2918.76,1,2918.76
USR_01501,2137.4,1,2137.4,1,2137.4
USR_01502,13468.44,2,6734.22,2,13468.44
USR_01503,8607.26,2,4303.63,2,8607.26
USR_01504,14988.17,3,4996.06,3,14988.18
USR_01505,689.79,1,689.79,1,689.79
USR_01506,2218.88,1,2218.88,1,2218.88
USR_01507,5906.7,1,5906.7,1,5906.7
USR_01508,7123.28,1,7123.28,1,7123.28
USR_01513,9522.01,1,9522.01,1,9522.01
USR_01514,920.29,1,920.29,1,920.29
USR_01517,2631.8,1,2631.8,1,2631.8
USR_01518,10294.82,2,5147.41,2,10294.82
USR_01519,2498.65,1,2498.65,1,2498.65
USR_01520,2733.67,1,2733.67,1,2733.67
USR_01522,6746.81,1,6746.81,1,6746.81
USR_01523,1790.31,2,895.16,2,1790.32
USR_01524,3926.5899999999997,2,1963.29,2,3926.58
USR_01525,9302.87,1,9302.87,1,9302.87
USR_01526,1662.83,1,1662.83,1,1662.83
USR_01527,2184.4,1,2184.4,1,2184.4
USR_01528,9569.56,1,9569.56,1,9569.56
USR_01530,9815.67,1,9815.67,1,9815.67
USR_01531,5712.55,1,5712.55,1,5712.55
USR_01532,17351.39,2,8675.7,2,17351.4
USR_01533,783.83,1,783.83,1,783.83
USR_01535,1548.65,1,1548.65,1,1548.65
USR_01536,8877.3,1,8877.3,1,8877.3
USR_01537,2321.57,1,2321.57,1,2321.57
USR_01538,8803.9,1,8803.9,1,8803.9
USR_01539,2092.85,1,2092.85,1,2092.85
USR_01540,6191.5,2,3095.75,2,6191.5
USR_01541,1738.34,1,1738.34,1,1738.34
USR_01542,976.38,1,976.38,1,976.38
USR_01543,8005.25,2,4002.62,2,8005.24
USR_01544,3157.53,2,1578.76,2,3157.52
USR_01545,784.62,1,784.62,1,784.62
USR_01546,1194.85,2,597.42,2,1194.84
USR_01547,1678.93,1,1678.93,1,1678.93
USR_01548,3501.11,3,1167.04,3,3501.12
USR_01550,9922.980000000001,3,3307.66,3,9922.98
USR_01551,1904.52,1,1904.52,1,1904.52
USR_01552,690.13,1,690.13,1,690.13
USR_01554,4994.9,1,4994.9,1,4994.9
USR_01557,11717.61,3,3905.87,3,11717.61
USR_01559,10921.949999999999,3,3640.65,3,10921.95
USR_01560,1707.3,1,1707.3,1,1707.3
USR_01562,13419.36,2,6709.68,2,13419.36
USR_01564,14258.23,3,4752.74,3,14258.22
USR_01566,7502.99,1,7502.99,1,7502.99
USR_01567,5541.47,3,1847.16,3,5541.48
USR_01568,3750.59,3,1250.2,3,3750.6
USR_01569,674.42,1,674.42,1,674.42
USR_01570,4815.04,2,2407.52,2,4815.04
USR_01571,4187.05,3,1395.68,3,4187.04
USR_01572,2428.4,1,2428.4,1,2428.4
USR_01573,1913.09,1,1913.09,1,1913.09
USR_01574,9503.77,3,3167.92,3,9503.76
USR_01575,13381.06,2,6690.53,2,13381.06
USR_01576,1524.79,1,1524.79,1,1524.79
USR_01579,9329.86,1,9329.86,1,9329.86
USR_01580,558.23,1,558.23,1,558.23
USR_01581,600.32,1,600.32,1,600.32
USR_01582,543.73,1,543.73,1,543.73
USR_01584,941.31,1,941.31,1,941.31
USR_01585,789.92,1,789.92,1,789.92
USR_01586,1112.34,2,556.17,2,1112.34
USR_01587,945.73,1,945.73,1,945.73
USR_01589,10666.69,2,5333.34,2,10666.68
USR_01590,8920.89,1,8920.89,1,8920.89
USR_01591,3390.95,2,1695.48,2,3390.96
USR_01592,6991.05,1,6991.05,1,6991.05
USR_01593,3233.0,2,1616.5,2,3233.0
USR_01594,607.79,1,607.79,1,607.79
USR_01595,2869.94,2,1434.97,2,2869.94
USR_01596,1569.28,1,1569.28,1,1569.28
USR_01597,2903.02,2,1451.51,2,2903.02
USR_01598,659.03,1,659.03,1,659.03
USR_01599,13389.13,2,6694.56,2,13389.12
USR_01600,2600.53,1,2600.53,1,2600.53
USR_01601,963.33,1,963.33,1,963.33
USR_01602,5716.63,2,2858.32,2,5716.64
USR_01604,1477.16,1,1477.16,1,1477.16
USR_01606,3692.57,1,3692.57,1,3692.57
USR_01608,9372.07,2,4686.04,2,9372.08
USR_01609,11527.740000000002,2,5763.87,2,11527.74
USR_01610,1769.04,2,884.52,2,1769.04
USR_01611,12982.47,3,4327.49,3,12982.47
USR_01612,6854.1,2,3427.05,2,6854.1
USR_01613,4468.34,1,4468.34,1,4468.34
USR_01614,4897.12,2,2448.56,2,4897.12
USR_01615,2935.85,1,2935.85,1,2935.85
USR_01616,2606.24,1,2606.24,1,2606.24
USR_01617,2841.21,1,2841.21,1,2841.21
USR_01618,2156.12,1,2156.12,1,2156.12
USR_01620,1565.89,1,1565.89,1,1565.89
USR_01621,1778.26,1,1778.26,1,1778.26
USR_01622,7710.07,1,7710.07,1,7710.07
USR_01623,11037.18,2,5518.59,2,11037.18
USR_01624,612.02,1,612.02,1,612.02
USR_01625,1788.12,1,1788.12,1,1788.12
USR_01627,17518.07,2,8759.04,2,17518.08
USR_01628,2186.0,1,2186.0,1,2186.0
USR_01629,1155.59,1,1155.59,1,1155.59
USR_01630,791.98,1,791.98,1,791.98
USR_01631,2383.92,2,1191.96,2,2383.92
USR_01633,1748.32,1,1748.32,1,1748.32
USR_01634,657.9,1,657.9,1,657.9
USR_01635,7329.69,1,7329.69,1,7329.69
USR_01637,2614.4,1,2614.4,1,2614.4
USR_01638,11763.34,2,5881.67,2,11763.34
USR_01639,5000.61,2,2500.3,2,5000.6
USR_01640,2846.5299999999997,2,1423.26,2,2846.52
USR_01641,924.54,1,924.54,1,924.54
USR_01642,2875.8900000000003,2,1437.95,2,2875.9
USR_01643,3632.54,2,1816.27,2,3632.54
USR_01644,6786.99,2,3393.5,2,6787.0
USR_01645,785.22,1,785.22,1,785.22
USR_01646,2678.75,1,2678.75,1,2678.75
USR_01647,1707.45,1,1707.45,1,1707.45
USR_01648,7382.04,1,7382.04,1,7382.04
USR_01649,2434.51,1,2434.51,1,2434.51
USR_01650,391.93,1,391.93,1,391.93
USR_01651,6327.950000000001,2,3163.98,2,6327.96
USR_01652,2037.4,1,2037.4,1,2037.4
USR_01653,6676.77,2,3338.38,2,6676.76
USR_01654,13163.199999999999,4,3290.8,4,13163.2
USR_01655,3719.38,1,3719.38,1,3719.38
USR_01656,3847.59,1,3847.59,1,3847.59
USR_01657,968.19,1,968.19,1,968.19
USR_01658,11982.69,4,2995.67,4,11982.68
USR_01659,2601.34,1,2601.34,1,2601.34
USR_01664,438.78,1,438.78,1,438.78
USR_01666,862.99,1,862.99,1,862.99
USR_01667,3765.43,1,3765.43,1,3765.43
USR_01670,1191.3,1,1191.3,1,1191.3
USR_01672,3940.14,1,3940.14,1,3940.14
USR_01673,726.13,1,726.13,1,726.13
USR_01674,18967.29,2,9483.64,2,18967.28
USR_01676,2826.9300000000003,2,1413.46,2,2826.92
USR_01677,6345.62,1,6345.62,1,6345.62
USR_01678,539.61,1,539.61,1,539.61
USR_01680,12944.91,3,4314.97,3,12944.91
USR_01682,4989.96,1,4989.96,1,4989.96
USR_01683,1845.23,1,1845.23,1,1845.23
USR_01686,690.92,1,690.92,1,690.92
USR_01688,11153.1,2,5576.55,2,11153.1
USR_01689,947.4,1,947.4,1,947.4
USR_01690,977.29,1,977.29,1,977.29
USR_01691,5590.04,1,5590.04,1,5590.04
USR_01692,3793.58,2,1896.79,2,3793.58
USR_01695,10214.09,2,5107.04,2,10214.08
USR_01696,827.32,1,827.32,1,827.32
USR_01699,4987.0,2,2493.5,2,4987.0
USR_01700,7465.91,1,7465.91,1,7465.91
USR_01701,9931.23,1,9931.23,1,9931.23
USR_01702,2956.4,1,2956.4,1,2956.4
USR_01703,4307.12,2,2153.56,2,4307.12
USR_01705,10823.699999999999,2,5411.85,2,10823.7
USR_01706,618.27,1,618.27,1,618.27
USR_01707,2411.12,1,2411.12,1,2411.12
USR_01708,2012.82,1,2012.82,1,2012.82
USR_01709,4963.28,1,4963.28,1,4963.28
USR_01710,9327.26,1,9327.26,1,9327.26
USR_01712,6579.49,2,3289.74,2,6579.48
USR_01714,3827.36,1,3827.36,1,3827.36
USR_01715,5562.15,2,2781.08,2,5562.16
USR_01716,1022.6000000000001,2,511.3,2,1022.6
USR_01718,2457.64,1,2457.64,1,2457.64
USR_01719,8687.17,2,4343.58,2,8687.16
USR_01720,565.52,1,565.52,1,565.52
USR_01723,9430.58,1,9430.58,1,9430.58
USR_01725,3643.99,3,1214.66,3,3643.98
USR_01726,1767.86,1,1767.86,1,1767.86
USR_01727,9324.81,2,4662.4,2,9324.8
USR_01728,4831.79,1,4831.79,1,4831.79
USR_01729,3951.35,2,1975.68,2,3951.36
USR_01730,8063.29,2,4031.64,2,8063.28
USR_01731,6215.950000000001,3,2071.98,3,6215.94
USR_01732,1569.1,1,1569.1,1,1569.1
USR_01733,10212.0,3,3404.0,3,10212.0
USR_01734,956.42,1,956.42,1,956.42
USR_01736,2869.42,1,2869.42,1,2869.42
USR_01739,9015.77,3,3005.26,3,9015.78
USR_01740,4449.28,1,4449.28,1,4449.28
USR_01743,1696.68,1,1696.68,1,1696.68
USR_01744,6138.89,1,6138.89,1,6138.89
USR_01749,708.35,1,708.35,1,708.35
USR_01751,3766.77,2,1883.38,2,3766.76
USR_01752,10013.230000000001,2,5006.62,2,10013.24
USR_01754,392.44,1,392.44,1,392.44
USR_01755,584.59,1,584.59,1,584.59
USR_01756,1781.5,2,890.75,2,1781.5
USR_01757,6682.18,1,6682.18,1,6682.18
USR_01760,7764.01,2,3882.0,2,7764.0
USR_01761,4760.75,2,2380.38,2,4760.76
USR_01763,5827.73,1,5827.73,1,5827.73
USR_01764,690.97,1,690.97,1,690.97
USR_01767,2479.65,1,2479.65,1,2479.65
USR_01770,2389.02,1,2389.02,1,2389.02
USR_01771,675.37,1,675.37,1,675.37
USR_01773,7782.39,2,3891.2,2,7782.4
USR_01774,3318.7599999999998,2,1659.38,2,3318.76
USR_01775,8036.36,1,8036.36,1,8036.36
USR_01776,361.37,1,361.37,1,361.37
USR_01777,6700.32,1,6700.32,1,6700.32
USR_01778,6316.04,1,6316.04,1,6316.04
USR_01779,5318.46,1,5318.46,1,5318.46
USR_01780,2817.04,1,2817.04,1,2817.04
USR_01781,4427.2,1,4427.2,1,4427.2
USR_01782,7059.07,1,7059.07,1,7059.07
USR_01783,3209.55,2,1604.78,2,3209.56
USR_01787,4342.74,2,2171.37,2,4342.74
USR_01788,2952.36,1,2952.36,1,2952.36
USR_01789,2539.99,1,2539.99,1,2539.99
USR_01790,2955.64,1,2955.64,1,2955.64
USR_01791,15357.64,3,5119.21,3,15357.63
USR_01792,2901.52,1,2901.52,1,2901.52
USR_01793,6554.990000000001,2,3277.5,2,6555.0
USR_01794,8627.16,2,4313.58,2,8627.16
USR_01795,7912.24,1,7912.24,1,7912.24
USR_01797,2934.05,1,2934.05,1,2934.05
USR_01798,10671.42,2,5335.71,2,10671.42
USR_01800,6561.4,2,3280.7,2,6561.4
USR_01801,5643.37,1,5643.37,1,5643.37
USR_01802,1517.36,1,1517.36,1,1517.36
USR_01803,1300.1599999999999,2,650.08,2,1300.16
USR_01804,990.55,1,990.55,1,990.55
USR_01805,4553.6,2,2276.8,2,4553.6
USR_01806,20273.96,3,6757.99,3,20273.97
USR_01808,6236.59,1,6236.59,1,6236.59
USR_01809,5426.67,2,2713.34,2,5426.68
USR_01811,3977.95,1,3977.95,1,3977.95
USR_01812,3953.04,1,3953.04,1,3953.04
USR_01814,577.33,1,577.33,1,577.33
USR_01817,1356.19,2,678.1,2,1356.2
USR_01818,7868.2,1,7868.2,1,7868.2
USR_01820,8752.26,1,8752.26,1,8752.26
USR_01821,995.74,1,995.74,1,995.74
USR_01822,809.21,1,809.21,1,809.21
USR_01823,3278.83,2,1639.42,2,3278.84
USR_01824,10519.06,2,5259.53,2,10519.06
USR_01826,4650.4,1,4650.4,1,4650.4
USR_01827,11121.77,2,5560.88,2,11121.76
USR_01828,538.92,1,538.92,1,538.92
USR_01829,9630.11,1,9630.11,1,9630.11
USR_01830,5459.08,1,5459.08,1,5459.08
USR_01832,2897.18,2,1448.59,2,2897.18
USR_01833,6761.150000000001,2,3380.58,2,6761.16
USR_01834,9069.74,1,9069.74,1,9069.74
USR_01835,2448.49,1,2448.49,1,2448.49
USR_01838,1277.57,1,1277.57,1,1277.57
USR_01839,8267.23,3,2755.74,3,8267.22
USR_01840,3955.74,1,3955.74,1,3955.74
USR_01841,9940.38,1,9940.38,1,9940.38
USR_01842,1709.01,1,1709.01,1,1709.01
USR_01843,2024.75,3,674.92,3,2024.76
USR_01844,894.77,1,894.77,1,894.77
USR_01845,2762.7,1,2762.7,1,2762.7
USR_01846,9356.94,1,9356.94,1,9356.94
USR_01847,1532.86,1,1532.86,1,1532.86
USR_01848,832.82,1,832.82,1,832.82
USR_01849,658.47,1,658.47,1,658.47
USR_01850,771.37,1,771.37,1,771.37
USR_01851,6795.43,1,6795.43,1,6795.43
USR_01852,4715.83,2,2357.92,2,4715.84
USR_01854,755.01,1,755.01,1,755.01
USR_01855,9247.45,3,3082.48,3,9247.44
USR_01856,662.81,1,662.81,1,662.81
USR_01857,3533.3100000000004,2,1766.66,2,3533.32
USR_01858,2895.38,1,2895.38,1,2895.38
USR_01859,1359.08,2,679.54,2,1359.08
USR_01860,2479.85,1,2479.85,1,2479.85
USR_01861,4333.66,1,4333.66,1,4333.66
USR_01862,2249.17,1,2249.17,1,2249.17
USR_01863,4008.42,2,2004.21,2,4008.42
USR_01864,13979.900000000001,2,6989.95,2,13979.9
USR_01865,641.43,1,641.43,1,641.43
USR_01867,6181.95,2,3090.98,2,6181.96
USR_01868,1697.07,1,1697.07,1,1697.07
USR_01869,2298.61,2,1149.3,2,2298.6
USR_01870,2866.42,1,2866.42,1,2866.42
USR_01871,2179.33,1,2179.33,1,2179.33
USR_01872,4638.51,2,2319.26,2,4638.52
USR_01874,10481.21,2,5240.6,2,10481.2
USR_01875,1159.47,1,1159.47,1,1159.47
USR_01876,18190.550000000003,2,9095.28,2,18190.56
USR_01878,3640.52,1,3640.52,1,3640.52
USR_01879,8423.07,1,8423.07,1,8423.07
USR_01880,1720.02,1,1720.02,1,1720.02
USR_01881,10128.98,2,5064.49,2,10128.98
USR_01883,2664.8999999999996,2,1332.45,2,2664.9
USR_01884,4213.84,2,2106.92,2,4213.84
USR_01886,9585.13,1,9585.13,1,9585.13
USR_01887,8644.88,2,4322.44,2,8644.88
USR_01889,5028.67,2,2514.34,2,5028.68
USR_01890,3026.2,2,1513.1,2,3026.2
USR_01891,4827.12,2,2413.56,2,4827.12
USR_01892,3597.12,1,3597.12,1,3597.12
USR_01893,2494.99,1,2494.99,1,2494.99
USR_01894,5946.96,1,5946.96,1,5946.96
USR_01895,6233.57,1,6233.57,1,6233.57
USR_01896,2712.11,2,1356.06,2,2712.12
USR_01898,9715.94,1,9715.94,1,9715.94
USR_01899,2828.0,1,2828.0,1,2828.0
USR_01900,7664.56,3,2554.85,3,7664.55
USR_01903,1791.16,1,1791.16,1,1791.16
USR_01904,5923.22,3,1974.41,3,5923.23
USR_01906,566.28,1,566.28,1,566.28
USR_01907,13839.4,4,3459.85,4,13839.4
USR_01908,2724.93,1,2724.93,1,2724.93
USR_01910,1530.19,1,1530.19,1,1530.19
USR_01911,5429.08,1,5429.08,1,5429.08
USR_01913,4270.57,1,4270.57,1,4270.57
USR_01915,2906.65,2,1453.32,2,2906.64
USR_01916,1573.05,1,1573.05,1,1573.05
USR_01917,620.22,1,620.22,1,620.22
USR_01918,2510.57,1,2510.57,1,2510.57
USR_01919,4278.98,1,4278.98,1,4278.98
USR_01921,777.85,1,777.85,1,777.85
USR_01922,753.54,1,753.54,1,753.54
USR_01923,1106.92,1,1106.92,1,1106.92
USR_01924,3323.83,1,3323.83,1,3323.83
USR_01925,2556.28,1,2556.28,1,2556.28
USR_01927,944.97,1,944.97,1,944.97
USR_01928,14019.7,4,3504.92,4,14019.68
USR_01929,1526.03,1,1526.03,1,1526.03
USR_01931,1742.08,1,1742.08,1,1742.08
USR_01932,8401.23,4,2100.31,4,8401.24
USR_01933,7494.1900000000005,2,3747.1,2,7494.2
USR_01934,9401.48,2,4700.74,2,9401.48
USR_01935,3259.91,1,3259.91,1,3259.91
USR_01938,2297.02,1,2297.02,1,2297.02
USR_01940,13489.57,3,4496.52,3,13489.56
USR_01941,12018.96,2,6009.48,2,12018.96
USR_01943,9771.8,1,9771.8,1,9771.8
USR_01944,5467.83,1,5467.83,1,5467.83
USR_01945,936.85,1,936.85,1,936.85
USR_01946,1474.85,1,1474.85,1,1474.85
USR_01947,2219.3900000000003,2,1109.7,2,2219.4
USR_01948,10720.92,2,5360.46,2,10720.92
USR_01949,7509.41,1,7509.41,1,7509.41
USR_01950,10037.55,2,5018.77,2,10037.54
USR_01951,858.17,1,858.17,1,858.17
USR_01953,973.36,1,973.36,1,973.36
USR_01954,7566.24,4,1891.56,4,7566.24
USR_01956,6369.82,1,6369.82,1,6369.82
USR_01957,2907.27,1,2907.27,1,2907.27
USR_01958,2426.17,1,2426.17,1,2426.17
USR_01959,9044.09,2,4522.04,2,9044.08
USR_01963,510.57,1,510.57,1,510.57
USR_01964,727.38,1,727.38,1,727.38
USR_01965,11366.42,3,3788.81,3,11366.43
USR_01966,19494.96,5,3898.99,5,19494.95
USR_01967,8396.89,2,4198.44,2,8396.88
USR_01968,919.86,1,919.86,1,919.86
USR_01971,2234.17,2,1117.08,2,2234.16
USR_01973,4671.34,2,2335.67,2,4671.34
USR_01974,1641.07,1,1641.07,1,1641.07
USR_01975,543.34,1,543.34,1,543.34
USR_01976,555.91,1,555.91,1,555.91
USR_01978,2213.33,1,2213.33,1,2213.33
USR_01979,2011.62,1,2011.62,1,2011.62
USR_01980,20862.94,3,6954.31,3,20862.93
USR_01981,10536.48,3,3512.16,3,10536.48
USR_01984,1991.93,1,1991.93,1,1991.93
USR_01985,2558.92,1,2558.92,1,2558.92
USR_01986,1776.24,1,1776.24,1,1776.24
USR_01987,6918.95,2,3459.48,2,6918.96
USR_01989,653.46,1,653.46,1,653.46
USR_01991,2077.32,1,2077.32,1,2077.32
USR_01992,8081.51,1,8081.51,1,8081.51
USR_01993,3641.29,1,3641.29,1,3641.29
USR_01994,2304.89,1,2304.89,1,2304.89
USR_01995,2674.16,1,2674.16,1,2674.16
USR_01996,2294.81,1,2294.81,1,2294.81
USR_01997,1885.03,1,1885.03,1,1885.03
USR_01998,12177.220000000001,3,4059.07,3,12177.21
USR_01999,4263.58,1,4263.58,1,4263.58
USR_02000,1983.07,1,1983.07,1,1983.07
